<?xml version="1.0" encoding="UTF-8"?>
<project-private xmlns="http://www.netbeans.org/ns/project-private/1">
    <editor-bookmarks xmlns="http://www.netbeans.org/ns/editor-bookmarks/2" lastBookmarkId="0"/>
    <open-files xmlns="http://www.netbeans.org/ns/projectui-open-files/2">
        <group>
            <file>file:/C:/Users/kendr/OneDrive/Escritorio/pedro/POO/Herencia/src/herencia/SerVivo.java</file>
            <file>file:/C:/Users/kendr/OneDrive/Escritorio/pedro/POO/Herencia/src/herencia/Planta.java</file>
            <file>file:/C:/Users/kendr/OneDrive/Escritorio/pedro/POO/Herencia/src/herencia/Animal.java</file>
            <file>file:/C:/Users/kendr/OneDrive/Escritorio/pedro/POO/Herencia/src/herencia/AnimalCarnivoro.java</file>
            <file>file:/C:/Users/kendr/OneDrive/Escritorio/pedro/POO/Herencia/src/herencia/Herencia.java</file>
            <file>file:/C:/Users/kendr/OneDrive/Escritorio/pedro/POO/Herencia/src/herencia/AnimalHervivoro.java</file>
        </group>
    </open-files>
</project-private>
